,max,min,std
Math,100,25,21.966154298678834
English,100,25,20.638306580057918
Science,100,25,23.344244338135958
Marketing,100,25,22.021939152129644
Writing,100,25,21.77263738487984
